Players,Opponents,Category,Round,Set,Comeback,Details
Gabriela STOEVA / Stefani STOEVA,CHEN Su Yu / Yi En HSIEH,WD,Round 1,2,1,View
Priya KONJENGBAM / Shruti MISHRA,Polina BUHROVA / Yevheniia KANTEMYR,WD,Round 1,1,2,View
Polina BUHROVA / Yevheniia KANTEMYR,Priya KONJENGBAM / Shruti MISHRA,WD,Round 1,2,3,View
Nur Mohd Azriyn Ayub AZRIYN / TAN Wee Kiong,Ming Che LU / TANG Kai Wei,MD,Round 1,1,3,View
Ming Che LU / TANG Kai Wei,Nur Mohd Azriyn Ayub AZRIYN / TAN Wee Kiong,MD,Round 1,2,1,View
Ming Che LU / TANG Kai Wei,Nur Mohd Azriyn Ayub AZRIYN / TAN Wee Kiong,MD,Round 1,3,6,View
KIM Won Ho / SEO Seung Jae,Alexander DUNN / Adam PRINGLE,MD,Round 1,1,3,View
KIM Won Ho / SEO Seung Jae,Alexander DUNN / Adam PRINGLE,MD,Round 1,2,2,View
Bengisu ERCETIN / Nazlican INCI,Abbygael HARRIS / Lizzie TOLMAN,WD,Round 1,1,1,View
Bengisu ERCETIN / Nazlican INCI,Abbygael HARRIS / Lizzie TOLMAN,WD,Round 1,2,4,View
